{
    "loss": 0.7380306124687195,
    "accuracy": 0.9121951460838318
}