{
    "loss": 1.2153345346450806,
    "accuracy": 0.8657894730567932
}