{
    "loss": 0.5180913805961609,
    "accuracy": 0.9236842393875122
}